--初始化数据字典
INSERT INTO t_dictionary (PK_ID, DICTIONARY_NAME, DICTIONARY_VALUE, LEVEL_ORDER, STATUS, FK_DICT_TYPE_UUID, DICT_UUID, DICT_CODE, PARENT_ID) VALUES (1, '用户类型', '1', 1, 0, 'DictionaryType-1c85e7a1-49cb-4ae4-8321-a7216f01d23a', 'Dictionary-7b90b11c-54de-4901-9f5b-3dd8f66fa0b1', 'USERTYPE', NULL);
INSERT INTO t_dictionary (PK_ID, DICTIONARY_NAME, DICTIONARY_VALUE, LEVEL_ORDER, STATUS, FK_DICT_TYPE_UUID, DICT_UUID, DICT_CODE, PARENT_ID) VALUES (2, '职位', '2', 1, 0, 'DictionaryType-1c85e7a1-49cb-4ae4-8321-a7216f01d23a', 'Dictionary-7b90b11c-54de-4901-9f5b-3dd8f66fa0b1', 'POST', NULL);
INSERT INTO t_dictionary (PK_ID, DICTIONARY_NAME, DICTIONARY_VALUE, LEVEL_ORDER, STATUS, FK_DICT_TYPE_UUID, DICT_UUID, DICT_CODE, PARENT_ID) VALUES (3, '职务', '3', 1, 0, 'DictionaryType-1c85e7a1-49cb-4ae4-8321-a7216f01d23a', 'Dictionary-7b90b11c-54de-4901-9f5b-3dd8f66fa0b1', 'JOB', NULL);
INSERT INTO t_dictionary (PK_ID, DICTIONARY_NAME, DICTIONARY_VALUE, LEVEL_ORDER, STATUS, FK_DICT_TYPE_UUID, DICT_UUID, DICT_CODE, PARENT_ID) VALUES (4, '职称', '4', 1, 0, 'DictionaryType-1c85e7a1-49cb-4ae4-8321-a7216f01d23a', 'Dictionary-7b90b11c-54de-4901-9f5b-3dd8f66fa0b1', 'POSTTITLE', NULL);
INSERT INTO t_dictionary (PK_ID, DICTIONARY_NAME, DICTIONARY_VALUE, LEVEL_ORDER, STATUS, FK_DICT_TYPE_UUID, DICT_UUID, DICT_CODE, PARENT_ID) VALUES (5, '职级', '5', 1, 0, 'DictionaryType-1c85e7a1-49cb-4ae4-8321-a7216f01d23a', 'Dictionary-7b90b11c-54de-4901-9f5b-3dd8f66fa0b1', 'JOBLEVEL', NULL);
INSERT INTO t_dictionary (PK_ID, DICTIONARY_NAME, DICTIONARY_VALUE, LEVEL_ORDER, STATUS, FK_DICT_TYPE_UUID, DICT_UUID, DICT_CODE, PARENT_ID) VALUES (6, '角色类型', '6', 1, 0, 'DictionaryType-1c85e7a1-49cb-4ae4-8321-a7216f01d23a', 'Dictionary-7b90b11c-54de-4901-9f5b-3dd8f66fa0b1', 'ROLETYPE', NULL);
INSERT INTO t_dictionary (PK_ID, DICTIONARY_NAME, DICTIONARY_VALUE, LEVEL_ORDER, STATUS, FK_DICT_TYPE_UUID, DICT_UUID, DICT_CODE, PARENT_ID) VALUES (7, '组织类型', '7', 1, 0, 'DictionaryType-1c85e7a1-49cb-4ae4-8321-a7216f01d23a', 'Dictionary-7b90b11c-54de-4901-9f5b-3dd8f66fa0b1', 'ORGTYPE', NULL);
INSERT INTO t_dictionary (PK_ID, DICTIONARY_NAME, DICTIONARY_VALUE, LEVEL_ORDER, STATUS, FK_DICT_TYPE_UUID, DICT_UUID, DICT_CODE, PARENT_ID) VALUES (11, '中油用户', '11', 2, 0, 'DictionaryType-1c85e7a1-49cb-4ae4-8321-a7216f01d23a', 'Dictionary-7b90b11c-54de-4901-9f5b-3dd8f66fa0b1', 'ZYUSER', 1);
INSERT INTO t_dictionary (PK_ID, DICTIONARY_NAME, DICTIONARY_VALUE, LEVEL_ORDER, STATUS, FK_DICT_TYPE_UUID, DICT_UUID, DICT_CODE, PARENT_ID) VALUES (12, '本地用户', '12', 2, 0, 'DictionaryType-1c85e7a1-49cb-4ae4-8321-a7216f01d23a', 'Dictionary-d9e3b576-6880-4d15-aff8-97fba5daf111', 'LOCALUSER', 1);
INSERT INTO t_dictionary (PK_ID, DICTIONARY_NAME, DICTIONARY_VALUE, LEVEL_ORDER, STATUS, FK_DICT_TYPE_UUID, DICT_UUID, DICT_CODE, PARENT_ID) VALUES (13, '资源类型', '1', 1, 0, 'DictionaryType-1c85e7a1-49cb-4ae4-8321-a7216f01d23a', 'Dictionary-7b90b11c-54de-4901-9f5b-3dd8f66fa0b1', 'RESOURCETYPE', NULL);
INSERT INTO t_dictionary (PK_ID, DICTIONARY_NAME, DICTIONARY_VALUE, LEVEL_ORDER, STATUS, FK_DICT_TYPE_UUID, DICT_UUID, DICT_CODE, PARENT_ID) VALUES (14, '公司', '4', 2, 0, 'DictionaryType-1c85e7a1-49cb-4ae4-8321-a7216f01d23a', 'Dictionary-7b90b11c-54de-4901-9f5b-3dd8f66fa0b1', 'COMPANY', 13);
INSERT INTO t_dictionary (PK_ID, DICTIONARY_NAME, DICTIONARY_VALUE, LEVEL_ORDER, STATUS, FK_DICT_TYPE_UUID, DICT_UUID, DICT_CODE, PARENT_ID) VALUES (15, '页面', '2', 2, 0, 'DictionaryType-1c85e7a1-49cb-4ae4-8321-a7216f01d23a', 'Dictionary-7b90b11c-54de-4901-9f5b-3dd8f66fa0b1', 'PAGE', 13);
INSERT INTO t_dictionary (PK_ID, DICTIONARY_NAME, DICTIONARY_VALUE, LEVEL_ORDER, STATUS, FK_DICT_TYPE_UUID, DICT_UUID, DICT_CODE, PARENT_ID) VALUES (16, '按钮', '3', 2, 0, 'DictionaryType-1c85e7a1-49cb-4ae4-8321-a7216f01d23a', 'Dictionary-d9e3b576-6880-4d15-aff8-97fba5daf111', 'BUTTON', 13);
INSERT INTO t_dictionary (PK_ID, DICTIONARY_NAME, DICTIONARY_VALUE, LEVEL_ORDER, STATUS, FK_DICT_TYPE_UUID, DICT_UUID, DICT_CODE, PARENT_ID) VALUES (21, '职位一', '21', 2, 0, 'DictionaryType-1c85e7a1-49cb-4ae4-8321-a7216f01d23a', 'Dictionary-7b90b11c-54de-4901-9f5b-3dd8f66fa0b1', NULL, 2);
INSERT INTO t_dictionary (PK_ID, DICTIONARY_NAME, DICTIONARY_VALUE, LEVEL_ORDER, STATUS, FK_DICT_TYPE_UUID, DICT_UUID, DICT_CODE, PARENT_ID) VALUES (22, '职位二', '22', 2, 0, 'DictionaryType-1c85e7a1-49cb-4ae4-8321-a7216f01d23a', 'Dictionary-d9e3b576-6880-4d15-aff8-97fba5daf111', NULL, 2);
INSERT INTO t_dictionary (PK_ID, DICTIONARY_NAME, DICTIONARY_VALUE, LEVEL_ORDER, STATUS, FK_DICT_TYPE_UUID, DICT_UUID, DICT_CODE, PARENT_ID) VALUES (31, '财务总监', '31', 2, 0, 'DictionaryType-1c85e7a1-49cb-4ae4-8321-a7216f01d23a', 'Dictionary-7b90b11c-54de-4901-9f5b-3dd8f66fa0b1', NULL, 3);
INSERT INTO t_dictionary (PK_ID, DICTIONARY_NAME, DICTIONARY_VALUE, LEVEL_ORDER, STATUS, FK_DICT_TYPE_UUID, DICT_UUID, DICT_CODE, PARENT_ID) VALUES (32, '处长', '32', 2, 0, 'DictionaryType-1c85e7a1-49cb-4ae4-8321-a7216f01d23a', 'Dictionary-d9e3b576-6880-4d15-aff8-97fba5daf111', NULL, 3);
INSERT INTO t_dictionary (PK_ID, DICTIONARY_NAME, DICTIONARY_VALUE, LEVEL_ORDER, STATUS, FK_DICT_TYPE_UUID, DICT_UUID, DICT_CODE, PARENT_ID) VALUES (33, '行政管理', '31', 2, 0, 'DictionaryType-1c85e7a1-49cb-4ae4-8321-a7216f01d23a', 'Dictionary-7b90b11c-54de-4901-9f5b-3dd8f66fa0b1', NULL, 3);
INSERT INTO t_dictionary (PK_ID, DICTIONARY_NAME, DICTIONARY_VALUE, LEVEL_ORDER, STATUS, FK_DICT_TYPE_UUID, DICT_UUID, DICT_CODE, PARENT_ID) VALUES (34, '副处长', '32', 2, 0, 'DictionaryType-1c85e7a1-49cb-4ae4-8321-a7216f01d23a', 'Dictionary-d9e3b576-6880-4d15-aff8-97fba5daf111', NULL, 3);
INSERT INTO t_dictionary (PK_ID, DICTIONARY_NAME, DICTIONARY_VALUE, LEVEL_ORDER, STATUS, FK_DICT_TYPE_UUID, DICT_UUID, DICT_CODE, PARENT_ID) VALUES (35, 'HSE管理', '31', 2, 0, 'DictionaryType-1c85e7a1-49cb-4ae4-8321-a7216f01d23a', 'Dictionary-7b90b11c-54de-4901-9f5b-3dd8f66fa0b1', NULL, 3);
INSERT INTO t_dictionary (PK_ID, DICTIONARY_NAME, DICTIONARY_VALUE, LEVEL_ORDER, STATUS, FK_DICT_TYPE_UUID, DICT_UUID, DICT_CODE, PARENT_ID) VALUES (36, '车间主任', '32', 2, 0, 'DictionaryType-1c85e7a1-49cb-4ae4-8321-a7216f01d23a', 'Dictionary-d9e3b576-6880-4d15-aff8-97fba5daf111', NULL, 3);
INSERT INTO t_dictionary (PK_ID, DICTIONARY_NAME, DICTIONARY_VALUE, LEVEL_ORDER, STATUS, FK_DICT_TYPE_UUID, DICT_UUID, DICT_CODE, PARENT_ID) VALUES (37, '综合管理员', '31', 2, 0, 'DictionaryType-1c85e7a1-49cb-4ae4-8321-a7216f01d23a', 'Dictionary-7b90b11c-54de-4901-9f5b-3dd8f66fa0b1', NULL, 3);
INSERT INTO t_dictionary (PK_ID, DICTIONARY_NAME, DICTIONARY_VALUE, LEVEL_ORDER, STATUS, FK_DICT_TYPE_UUID, DICT_UUID, DICT_CODE, PARENT_ID) VALUES (38, '劳资工程师', '32', 2, 0, 'DictionaryType-1c85e7a1-49cb-4ae4-8321-a7216f01d23a', 'Dictionary-d9e3b576-6880-4d15-aff8-97fba5daf111', NULL, 3);
INSERT INTO t_dictionary (PK_ID, DICTIONARY_NAME, DICTIONARY_VALUE, LEVEL_ORDER, STATUS, FK_DICT_TYPE_UUID, DICT_UUID, DICT_CODE, PARENT_ID) VALUES (41, '职称一', '41', 2, 0, 'DictionaryType-1c85e7a1-49cb-4ae4-8321-a7216f01d23a', 'Dictionary-7b90b11c-54de-4901-9f5b-3dd8f66fa0b1', NULL, 4);
INSERT INTO t_dictionary (PK_ID, DICTIONARY_NAME, DICTIONARY_VALUE, LEVEL_ORDER, STATUS, FK_DICT_TYPE_UUID, DICT_UUID, DICT_CODE, PARENT_ID) VALUES (42, '职称二', '42', 2, 0, 'DictionaryType-1c85e7a1-49cb-4ae4-8321-a7216f01d23a', 'Dictionary-d9e3b576-6880-4d15-aff8-97fba5daf111', NULL, 4);
INSERT INTO t_dictionary (PK_ID, DICTIONARY_NAME, DICTIONARY_VALUE, LEVEL_ORDER, STATUS, FK_DICT_TYPE_UUID, DICT_UUID, DICT_CODE, PARENT_ID) VALUES (51, '职级一', '51', 2, 0, 'DictionaryType-1c85e7a1-49cb-4ae4-8321-a7216f01d23a', 'Dictionary-7b90b11c-54de-4901-9f5b-3dd8f66fa0b1', NULL, 5);
INSERT INTO t_dictionary (PK_ID, DICTIONARY_NAME, DICTIONARY_VALUE, LEVEL_ORDER, STATUS, FK_DICT_TYPE_UUID, DICT_UUID, DICT_CODE, PARENT_ID) VALUES (52, '职级二', '52', 2, 0, 'DictionaryType-1c85e7a1-49cb-4ae4-8321-a7216f01d23a', 'Dictionary-d9e3b576-6880-4d15-aff8-97fba5daf111', NULL, 5);
INSERT INTO t_dictionary (PK_ID, DICTIONARY_NAME, DICTIONARY_VALUE, LEVEL_ORDER, STATUS, FK_DICT_TYPE_UUID, DICT_UUID, DICT_CODE, PARENT_ID) VALUES (53, '日志类型', '1', 1, 0, 'DictionaryType-1c85e7a1-49cb-4ae4-8321-a7216f01d23a', 'Dictionary-7b90b11c-54de-4901-9f5b-3dd8f66fa0b1', 'LOGTYPE', NULL);
INSERT INTO t_dictionary (PK_ID, DICTIONARY_NAME, DICTIONARY_VALUE, LEVEL_ORDER, STATUS, FK_DICT_TYPE_UUID, DICT_UUID, DICT_CODE, PARENT_ID) VALUES (54, '系统日志', '2', 2, 0, 'DictionaryType-1c85e7a1-49cb-4ae4-8321-a7216f01d23a', 'Dictionary-7b90b11c-54de-4901-9f5b-3dd8f66fa0b1', 'SYS_LOG', 53);
INSERT INTO t_dictionary (PK_ID, DICTIONARY_NAME, DICTIONARY_VALUE, LEVEL_ORDER, STATUS, FK_DICT_TYPE_UUID, DICT_UUID, DICT_CODE, PARENT_ID) VALUES (56, '错误日志', '3', 2, 0, 'DictionaryType-1c85e7a1-49cb-4ae4-8321-a7216f01d23a', 'Dictionary-d9e3b576-6880-4d15-aff8-97fba5daf111', 'ERR_LOG', 53);
INSERT INTO t_dictionary (PK_ID, DICTIONARY_NAME, DICTIONARY_VALUE, LEVEL_ORDER, STATUS, FK_DICT_TYPE_UUID, DICT_UUID, DICT_CODE, PARENT_ID) VALUES (61, '领导', '61', 2, 0, 'DictionaryType-1c85e7a1-49cb-4ae4-8321-a7216f01d23a', 'Dictionary-7b90b11c-54de-4901-9f5b-3dd8f66fa0b1', NULL, 6);
INSERT INTO t_dictionary (PK_ID, DICTIONARY_NAME, DICTIONARY_VALUE, LEVEL_ORDER, STATUS, FK_DICT_TYPE_UUID, DICT_UUID, DICT_CODE, PARENT_ID) VALUES (62, '化工', '62', 2, 0, 'DictionaryType-1c85e7a1-49cb-4ae4-8321-a7216f01d23a', 'Dictionary-d9e3b576-6880-4d15-aff8-97fba5daf111', NULL, 6);
INSERT INTO t_dictionary (PK_ID, DICTIONARY_NAME, DICTIONARY_VALUE, LEVEL_ORDER, STATUS, FK_DICT_TYPE_UUID, DICT_UUID, DICT_CODE, PARENT_ID) VALUES (71, '公司', '71', 2, 0, 'DictionaryType-1c85e7a1-49cb-4ae4-8321-a7216f01d23a', 'Dictionary-7b90b11c-54de-4901-9f5b-3dd8f66fa0b1', NULL, 7);
INSERT INTO t_dictionary (PK_ID, DICTIONARY_NAME, DICTIONARY_VALUE, LEVEL_ORDER, STATUS, FK_DICT_TYPE_UUID, DICT_UUID, DICT_CODE, PARENT_ID) VALUES (72, '部门', '72', 2, 0, 'DictionaryType-1c85e7a1-49cb-4ae4-8321-a7216f01d23a', 'Dictionary-d9e3b576-6880-4d15-aff8-97fba5daf111', NULL, 7);
INSERT INTO t_dictionary (PK_ID, DICTIONARY_NAME, DICTIONARY_VALUE, LEVEL_ORDER, STATUS, FK_DICT_TYPE_UUID, DICT_UUID, DICT_CODE, PARENT_ID) VALUES (73, '装置', '72', 2, 0, 'DictionaryType-1c85e7a1-49cb-4ae4-8321-a7216f01d23a', 'Dictionary-d9e3b576-6880-4d15-aff8-97fba5daf111', NULL, 7);
-- 初始化组织数据
insert into T_ORGANIZATION (ORG_ID, ORG_NAME, ORG_CODE, PARENT_ID, FK_ORGTYPE, DIS_ORDER, ENABLE, STATUS, ORG_FROM, FK_ORGTYPE_UUID, ISDELETEABLE)values (1, '大庆金桥', 'DQGB', null, 71, 0, 0, 0, 0, null, 1);
insert into T_ORGANIZATION (ORG_ID, ORG_NAME, ORG_CODE, PARENT_ID, FK_ORGTYPE, DIS_ORDER, ENABLE, STATUS, ORG_FROM, FK_ORGTYPE_UUID, ISDELETEABLE)values (2, '技术部', 'DQGB_JSB', 1, 72, 1, 0, 0, 0, null, 1);
insert into T_ORGANIZATION (ORG_ID, ORG_NAME, ORG_CODE, PARENT_ID, FK_ORGTYPE, DIS_ORDER, ENABLE, STATUS, ORG_FROM, FK_ORGTYPE_UUID, ISDELETEABLE)values (3, '研发中心', 'DQGB_YFZX', 1, 72, 2, 0, 0, 0, null, 1);
-- 初始化资源数据
insert into T_RESOURCE (RESOURCE_ID, RESOURCE_NAME, CODE, RESOURCE_TYPE, URLPATH, REMARKS, PARENT_ID, DIS_ORDER, STATUS, CREATE_DATE, RESOURCE_FROM, RESOURCE_TYPE_UUID, ISDELETEABLE)values (1, '大庆金桥成都分公司', null, 13, '11', '根节点', null, null, 0, now(), 0, 'Dictionary-7c396583-7f52-4ef0-9973-2cbf3e9e573e', 1);
insert into T_RESOURCE (RESOURCE_ID, RESOURCE_NAME, CODE, RESOURCE_TYPE, URLPATH, REMARKS, PARENT_ID, DIS_ORDER, STATUS, CREATE_DATE, RESOURCE_FROM, RESOURCE_TYPE_UUID, ISDELETEABLE)values (9, '个人中心', 'GRZX', 14, 'bpm/toPersonManage.do', '个人中心页面跳转', 1, '2', 0, now(), 0, 'Dictionary-c2065724-3d53-4bf7-b29a-8b57e61c0976', 1);
insert into T_RESOURCE (RESOURCE_ID, RESOURCE_NAME, CODE, RESOURCE_TYPE, URLPATH, REMARKS, PARENT_ID, DIS_ORDER, STATUS, CREATE_DATE, RESOURCE_FROM, RESOURCE_TYPE_UUID, ISDELETEABLE)values (35, '系统管理', 'XTGL', 14, 'XTGL', '系统管理', 1, '3', 0, now(), 0, 'Dictionary-c2065724-3d53-4bf7-b29a-8b57e61c0976', 1);
insert into T_RESOURCE (RESOURCE_ID, RESOURCE_NAME, CODE, RESOURCE_TYPE, URLPATH, REMARKS, PARENT_ID, DIS_ORDER, STATUS, CREATE_DATE, RESOURCE_FROM, RESOURCE_TYPE_UUID, ISDELETEABLE)values (2, '用户管理', 'YHGL', 14, 'user/toUserIndex.action', '用户管理页面跳转', 35, '4', 0, now(), 0, 'Dictionary-c2065724-3d53-4bf7-b29a-8b57e61c0976', 1);
insert into T_RESOURCE (RESOURCE_ID, RESOURCE_NAME, CODE, RESOURCE_TYPE, URLPATH, REMARKS, PARENT_ID, DIS_ORDER, STATUS, CREATE_DATE, RESOURCE_FROM, RESOURCE_TYPE_UUID, ISDELETEABLE)values (10, '用户管理-添加按钮', 'usermanage_add_btn', 15, '${ctx}/user/addUser.action', '用户管理-添加按钮', 2, '1', 0, now(), 0, 'Dictionary-7c396583-7f52-4ef0-9973-2cbf3e9e573e', 1);
insert into T_RESOURCE (RESOURCE_ID, RESOURCE_NAME, CODE, RESOURCE_TYPE, URLPATH, REMARKS, PARENT_ID, DIS_ORDER, STATUS, CREATE_DATE, RESOURCE_FROM, RESOURCE_TYPE_UUID, ISDELETEABLE)values (11, '用户管理-删除按钮', 'usermanage_delete_btn', 15, '${ctx}/user/deleteUser.action', '用户管理-删除按钮', 2, '2', 0, now(), 0, 'Dictionary-7c396583-7f52-4ef0-9973-2cbf3e9e573e', 1);
insert into T_RESOURCE (RESOURCE_ID, RESOURCE_NAME, CODE, RESOURCE_TYPE, URLPATH, REMARKS, PARENT_ID, DIS_ORDER, STATUS, CREATE_DATE, RESOURCE_FROM, RESOURCE_TYPE_UUID, ISDELETEABLE)values (12, '用户管理-修改按钮', 'usermanage_update_btn', 15, '${ctx}/user/editUser.action', '用户管理-修改按钮', 2, null, 0, now(), 0, 'Dictionary-7c396583-7f52-4ef0-9973-2cbf3e9e573e', 1);
insert into T_RESOURCE (RESOURCE_ID, RESOURCE_NAME, CODE, RESOURCE_TYPE, URLPATH, REMARKS, PARENT_ID, DIS_ORDER, STATUS, CREATE_DATE, RESOURCE_FROM, RESOURCE_TYPE_UUID, ISDELETEABLE)values (13, '用户管理-EXCEL操作按钮组', 'usermanage_excel_btn', 15, null, '用户管理-EXCEL操作按钮组', 2, '4', 0, now(), 0, 'Dictionary-7c396583-7f52-4ef0-9973-2cbf3e9e573e', 1);
insert into T_RESOURCE (RESOURCE_ID, RESOURCE_NAME, CODE, RESOURCE_TYPE, URLPATH, REMARKS, PARENT_ID, DIS_ORDER, STATUS, CREATE_DATE, RESOURCE_FROM, RESOURCE_TYPE_UUID, ISDELETEABLE)values (14, '用户管理-EXCEL操作按钮组-用户导入按钮', 'usermanage_excel_userImp_btn', 15, '${ctx}/user/uploadExcelToBacthImportUser.action', '用户管理-EXCEL操作按钮组-用户导入按钮', 13, '1', 0, now(), 0, 'Dictionary-7c396583-7f52-4ef0-9973-2cbf3e9e573e', 1);
insert into T_RESOURCE (RESOURCE_ID, RESOURCE_NAME, CODE, RESOURCE_TYPE, URLPATH, REMARKS, PARENT_ID, DIS_ORDER, STATUS, CREATE_DATE, RESOURCE_FROM, RESOURCE_TYPE_UUID, ISDELETEABLE)values (15, '用户管理-EXCEL操作按钮组-用户导出按钮', 'usermanage_excel_userExp_btn', 15, '${ctx}/user/exportAllUsers.action', '用户管理-EXCEL操作按钮组-用户导出按钮', 13, '2', 0, now(), 0, 'Dictionary-7c396583-7f52-4ef0-9973-2cbf3e9e573e', 1);
insert into T_RESOURCE (RESOURCE_ID, RESOURCE_NAME, CODE, RESOURCE_TYPE, URLPATH, REMARKS, PARENT_ID, DIS_ORDER, STATUS, CREATE_DATE, RESOURCE_FROM, RESOURCE_TYPE_UUID, ISDELETEABLE)values (17, '用户管理-EXCEL操作按钮组-用户导入模版下载按钮', 'usermanage_excel_userImptemplate_btn', 15, '${ctx}/user/downloadUserExcelTemplate.action', '用户管理-EXCEL操作按钮组-用户导入模版下载按钮', 13, '4', 0, now(), 0, 'Dictionary-7c396583-7f52-4ef0-9973-2cbf3e9e573e', 1);
insert into T_RESOURCE (RESOURCE_ID, RESOURCE_NAME, CODE, RESOURCE_TYPE, URLPATH, REMARKS, PARENT_ID, DIS_ORDER, STATUS, CREATE_DATE, RESOURCE_FROM, RESOURCE_TYPE_UUID, ISDELETEABLE)values (28, '用户管理-同步按钮', 'usermanage_synch_btn', 15, '${ctx}/user/synchronizeUserInfo.action', '用户管理-同步按钮', 2, '5', 0, now(), 0, 'Dictionary-7c396583-7f52-4ef0-9973-2cbf3e9e573e', 1);
insert into T_RESOURCE (RESOURCE_ID, RESOURCE_NAME, CODE, RESOURCE_TYPE, URLPATH, REMARKS, PARENT_ID, DIS_ORDER, STATUS, CREATE_DATE, RESOURCE_FROM, RESOURCE_TYPE_UUID, ISDELETEABLE)values (3, '资源管理', 'ZYGL', 14, 'resource/toResourceIndex.action', '资源管理页面跳转', 35, '7', 0, now(), 0, 'Dictionary-c2065724-3d53-4bf7-b29a-8b57e61c0976', 1);
insert into T_RESOURCE (RESOURCE_ID, RESOURCE_NAME, CODE, RESOURCE_TYPE, URLPATH, REMARKS, PARENT_ID, DIS_ORDER, STATUS, CREATE_DATE, RESOURCE_FROM, RESOURCE_TYPE_UUID, ISDELETEABLE)values (22, '资源管理-添加父级菜单', 'resourcemanage_addpra_btn', 15, '${ctx}/resource/addResource.action', '资源管理-添加父级菜单', 3, '1', 0, now(), 0, 'Dictionary-7c396583-7f52-4ef0-9973-2cbf3e9e573e', 1);
insert into T_RESOURCE (RESOURCE_ID, RESOURCE_NAME, CODE, RESOURCE_TYPE, URLPATH, REMARKS, PARENT_ID, DIS_ORDER, STATUS, CREATE_DATE, RESOURCE_FROM, RESOURCE_TYPE_UUID, ISDELETEABLE)values (23, '资源管理-添加菜单', 'resourcemanage_add_btn', 15, '${ctx}/resource/addResource.action', '资源管理-添加菜单', 3, '2', 0, now(), 0, 'Dictionary-7c396583-7f52-4ef0-9973-2cbf3e9e573e', 1);
insert into T_RESOURCE (RESOURCE_ID, RESOURCE_NAME, CODE, RESOURCE_TYPE, URLPATH, REMARKS, PARENT_ID, DIS_ORDER, STATUS, CREATE_DATE, RESOURCE_FROM, RESOURCE_TYPE_UUID, ISDELETEABLE)values (24, '资源管理-删除菜单', 'resourcemanage_delete_btn', 15, '${ctx}/resource/deleteResource.action', '资源管理-删除菜单', 3, '3', 0, now(), 0, 'Dictionary-7c396583-7f52-4ef0-9973-2cbf3e9e573e', 1);
insert into T_RESOURCE (RESOURCE_ID, RESOURCE_NAME, CODE, RESOURCE_TYPE, URLPATH, REMARKS, PARENT_ID, DIS_ORDER, STATUS, CREATE_DATE, RESOURCE_FROM, RESOURCE_TYPE_UUID, ISDELETEABLE)values (25, '资源管理-修改菜单', 'resourcemanage_update_btn', 15, '${ctx}/resource/editResource.action', '资源管理-修改菜单', 3, '4', 0, now(), 0, 'Dictionary-7c396583-7f52-4ef0-9973-2cbf3e9e573e', 1);
insert into T_RESOURCE (RESOURCE_ID, RESOURCE_NAME, CODE, RESOURCE_TYPE, URLPATH, REMARKS, PARENT_ID, DIS_ORDER, STATUS, CREATE_DATE, RESOURCE_FROM, RESOURCE_TYPE_UUID, ISDELETEABLE)values (30, '资源管理-同步按钮', 'resourcemanage_synch_btn', 15, '${ctx}/resource/synchronizeResourceInfo.action', '资源管理-同步按钮', 3, '5', 0, now(), 0, 'Dictionary-7c396583-7f52-4ef0-9973-2cbf3e9e573e', 1);
insert into T_RESOURCE (RESOURCE_ID, RESOURCE_NAME, CODE, RESOURCE_TYPE, URLPATH, REMARKS, PARENT_ID, DIS_ORDER, STATUS, CREATE_DATE, RESOURCE_FROM, RESOURCE_TYPE_UUID, ISDELETEABLE)values (4, '角色管理', 'JSGL', 14, 'role/toRoleIndex.action', '角色管理页面跳转', 35, '8', 0, now(), 0, 'Dictionary-c2065724-3d53-4bf7-b29a-8b57e61c0976', 1);
insert into T_RESOURCE (RESOURCE_ID, RESOURCE_NAME, CODE, RESOURCE_TYPE, URLPATH, REMARKS, PARENT_ID, DIS_ORDER, STATUS, CREATE_DATE, RESOURCE_FROM, RESOURCE_TYPE_UUID, ISDELETEABLE)values (19, '角色管理-添加按钮', 'rolemanage_add_btn', 15, '/role/addRole.action', '角色管理-添加按钮', 4, null, 0, now(), 0, 'Dictionary-d9e3b576-6880-4d15-aff8-97fba5daf111', 0);
insert into T_RESOURCE (RESOURCE_ID, RESOURCE_NAME, CODE, RESOURCE_TYPE, URLPATH, REMARKS, PARENT_ID, DIS_ORDER, STATUS, CREATE_DATE, RESOURCE_FROM, RESOURCE_TYPE_UUID, ISDELETEABLE)values (20, '角色管理-删除按钮', 'rolemanage_delete_btn', 15, '${ctx}/role/updateRole.action', '角色管理-删除按钮', 4, null, 0, now(), 0, 'Dictionary-7c396583-7f52-4ef0-9973-2cbf3e9e573e', 1);
insert into T_RESOURCE (RESOURCE_ID, RESOURCE_NAME, CODE, RESOURCE_TYPE, URLPATH, REMARKS, PARENT_ID, DIS_ORDER, STATUS, CREATE_DATE, RESOURCE_FROM, RESOURCE_TYPE_UUID, ISDELETEABLE)values (21, '角色管理-修改按钮', 'rolemanage_update_btn', 15, '${ctx}/role/deleteRole.action', '角色管理-修改按钮', 4, '3', 0, now(), 0, 'Dictionary-7c396583-7f52-4ef0-9973-2cbf3e9e573e', 1);
insert into T_RESOURCE (RESOURCE_ID, RESOURCE_NAME, CODE, RESOURCE_TYPE, URLPATH, REMARKS, PARENT_ID, DIS_ORDER, STATUS, CREATE_DATE, RESOURCE_FROM, RESOURCE_TYPE_UUID, ISDELETEABLE)values (29, '角色管理-同步按钮', 'rolemanage_synch_btn', 15, '${ctx}/role/synchronizeRoleInfo.action', '角色管理-同步按钮', 4, '4', 0, now(), 0, 'Dictionary-7c396583-7f52-4ef0-9973-2cbf3e9e573e', 1);
insert into T_RESOURCE (RESOURCE_ID, RESOURCE_NAME, CODE, RESOURCE_TYPE, URLPATH, REMARKS, PARENT_ID, DIS_ORDER, STATUS, CREATE_DATE, RESOURCE_FROM, RESOURCE_TYPE_UUID, ISDELETEABLE)values (5, '组织管理', 'ZZGL', 14, 'org/toOrgIndex.action', '组织管理页面跳转', 35, '5', 0, now(), 0, 'Dictionary-c2065724-3d53-4bf7-b29a-8b57e61c0976', 1);
insert into T_RESOURCE (RESOURCE_ID, RESOURCE_NAME, CODE, RESOURCE_TYPE, URLPATH, REMARKS, PARENT_ID, DIS_ORDER, STATUS, CREATE_DATE, RESOURCE_FROM, RESOURCE_TYPE_UUID, ISDELETEABLE)values (26, '组织管理-添加组织', 'organization_addOrg_btn', 15, '${ctx}/org/addOrg.action', '组织管理-添加组织', 5, null, 0, now(), 0, 'Dictionary-7c396583-7f52-4ef0-9973-2cbf3e9e573e', 1);
insert into T_RESOURCE (RESOURCE_ID, RESOURCE_NAME, CODE, RESOURCE_TYPE, URLPATH, REMARKS, PARENT_ID, DIS_ORDER, STATUS, CREATE_DATE, RESOURCE_FROM, RESOURCE_TYPE_UUID, ISDELETEABLE)values (27, '组织管理-删除组织', 'organization_deleteOrg_btn', 15, '${ctx}/org/delOrg.action', '组织管理-删除组织', 5, '2', 0, now(), 0, 'Dictionary-7c396583-7f52-4ef0-9973-2cbf3e9e573e', 1);
insert into T_RESOURCE (RESOURCE_ID, RESOURCE_NAME, CODE, RESOURCE_TYPE, URLPATH, REMARKS, PARENT_ID, DIS_ORDER, STATUS, CREATE_DATE, RESOURCE_FROM, RESOURCE_TYPE_UUID, ISDELETEABLE)values (31, '组织管理-同步按钮', 'organization_synch_btn', 15, '${ctx}/org/synchOrgData.action', '组织管理-同步按钮', 5, null, 0, now(), 0, 'Dictionary-7c396583-7f52-4ef0-9973-2cbf3e9e573e', 1);
insert into T_RESOURCE (RESOURCE_ID, RESOURCE_NAME, CODE, RESOURCE_TYPE, URLPATH, REMARKS, PARENT_ID, DIS_ORDER, STATUS, CREATE_DATE, RESOURCE_FROM, RESOURCE_TYPE_UUID, ISDELETEABLE)values (34, '组织管理-修改按钮', 'organization_update_btn', 15, '${ctx}/org/updateOrg.action', '组织管理-修改按钮', 5, '5', 0, now(), 0, 'Dictionary-7c396583-7f52-4ef0-9973-2cbf3e9e573e', 1);
insert into T_RESOURCE (RESOURCE_ID, RESOURCE_NAME, CODE, RESOURCE_TYPE, URLPATH, REMARKS, PARENT_ID, DIS_ORDER, STATUS, CREATE_DATE, RESOURCE_FROM, RESOURCE_TYPE_UUID, ISDELETEABLE)values (6, '字典管理', 'ZDGL', 14, 'dict/toDictIndex.action', '字典管理页面跳转', 35, '10', 0, now(), 0, 'Dictionary-c2065724-3d53-4bf7-b29a-8b57e61c0976', 1);
insert into T_RESOURCE (RESOURCE_ID, RESOURCE_NAME, CODE, RESOURCE_TYPE, URLPATH, REMARKS, PARENT_ID, DIS_ORDER, STATUS, CREATE_DATE, RESOURCE_FROM, RESOURCE_TYPE_UUID, ISDELETEABLE)values (37, '字典管理-修改按钮', 'dict_update_btn', 15, '${ctx}/dict/updateDictInfo.action', '字典管理-修改按钮', 6, null, 0, now(), 0, 'Dictionary-7c396583-7f52-4ef0-9973-2cbf3e9e573e', 0);
insert into T_RESOURCE (RESOURCE_ID, RESOURCE_NAME, CODE, RESOURCE_TYPE, URLPATH, REMARKS, PARENT_ID, DIS_ORDER, STATUS, CREATE_DATE, RESOURCE_FROM, RESOURCE_TYPE_UUID, ISDELETEABLE)values (38, '字典管理-添加按钮', 'dict_add_btn', 15, '${ctx}/dict/addDictInfo.action', '字典管理-添加按钮', 6, null, 0, now(), 0, 'Dictionary-7c396583-7f52-4ef0-9973-2cbf3e9e573e', 0);
insert into T_RESOURCE (RESOURCE_ID, RESOURCE_NAME, CODE, RESOURCE_TYPE, URLPATH, REMARKS, PARENT_ID, DIS_ORDER, STATUS, CREATE_DATE, RESOURCE_FROM, RESOURCE_TYPE_UUID, ISDELETEABLE)values (39, '字典管理-删除按钮', 'dict_delete_btn', 15, '${ctx}/dict/deleteTypes.action', '字典管理-删除按钮', 6, null, 0, now(), 0, 'Dictionary-7c396583-7f52-4ef0-9973-2cbf3e9e573e', 0);
insert into T_RESOURCE (RESOURCE_ID, RESOURCE_NAME, CODE, RESOURCE_TYPE, URLPATH, REMARKS, PARENT_ID, DIS_ORDER, STATUS, CREATE_DATE, RESOURCE_FROM, RESOURCE_TYPE_UUID, ISDELETEABLE)values (7, '日志管理', 'RZGL', 14, 'log/toLogIndex.action', '日志管理页面跳转', 35, '11', 0, now(), 0, 'Dictionary-c2065724-3d53-4bf7-b29a-8b57e61c0976', 0);
insert into T_RESOURCE (RESOURCE_ID, RESOURCE_NAME, CODE, RESOURCE_TYPE, URLPATH, REMARKS, PARENT_ID, DIS_ORDER, STATUS, CREATE_DATE, RESOURCE_FROM, RESOURCE_TYPE_UUID, ISDELETEABLE)values (8, '流程管理', 'GRZX', 14, 'bpmAdmin/bpmManage.html', '流程管理页面跳转', 35, null, 0, now(), 0, 'Dictionary-c2065724-3d53-4bf7-b29a-8b57e61c0976', 1);
insert into T_RESOURCE (RESOURCE_ID, RESOURCE_NAME, CODE, RESOURCE_TYPE, URLPATH, REMARKS, PARENT_ID, DIS_ORDER, STATUS, CREATE_DATE, RESOURCE_FROM, RESOURCE_TYPE_UUID, ISDELETEABLE)values (200000, '班组管理', 'BZGL', 14, 'workteam/toWorkTeam.action', '班组管理页面跳转', 35, '12', 0, now(), 0, 'Dictionary-c2065724-3d53-4bf7-b29a-8b57e61c0976', 0);
insert into T_RESOURCE (RESOURCE_ID, RESOURCE_NAME, CODE, RESOURCE_TYPE, URLPATH, REMARKS, PARENT_ID, DIS_ORDER, STATUS, CREATE_DATE, RESOURCE_FROM, RESOURCE_TYPE_UUID, ISDELETEABLE)values (200020, '添加按钮', 'workteam_add_btn', 15, 'workteam_add_btn', '添加按钮', 200000, null, 0, now(), 0, 'Dictionary-7c396583-7f52-4ef0-9973-2cbf3e9e573e', 0);
insert into T_RESOURCE (RESOURCE_ID, RESOURCE_NAME, CODE, RESOURCE_TYPE, URLPATH, REMARKS, PARENT_ID, DIS_ORDER, STATUS, CREATE_DATE, RESOURCE_FROM, RESOURCE_TYPE_UUID, ISDELETEABLE)values (200021, '修改按钮', 'workteam_update_btn', 15, 'workteam_update_btn', '修改按钮', 200000, null, 0, now(), 0, 'Dictionary-7c396583-7f52-4ef0-9973-2cbf3e9e573e', 0);
insert into T_RESOURCE (RESOURCE_ID, RESOURCE_NAME, CODE, RESOURCE_TYPE, URLPATH, REMARKS, PARENT_ID, DIS_ORDER, STATUS, CREATE_DATE, RESOURCE_FROM, RESOURCE_TYPE_UUID, ISDELETEABLE)values (200022, '删除按钮', 'workteam_delete_btn', 15, 'workteam_delete_btn', '删除按钮', 200000, null, 0, now(), 0, 'Dictionary-7c396583-7f52-4ef0-9973-2cbf3e9e573e', 0);
insert into T_RESOURCE (RESOURCE_ID, RESOURCE_NAME, CODE, RESOURCE_TYPE, URLPATH, REMARKS, PARENT_ID, DIS_ORDER, STATUS, CREATE_DATE, RESOURCE_FROM, RESOURCE_TYPE_UUID, ISDELETEABLE)values (200001, '班次管理', 'BCGL', 14, 'workturns/toRoundPage.action', '班次管理页面跳转', 35, '13', 0, now(), 0, 'Dictionary-c2065724-3d53-4bf7-b29a-8b57e61c0976', 0);
insert into T_RESOURCE (RESOURCE_ID, RESOURCE_NAME, CODE, RESOURCE_TYPE, URLPATH, REMARKS, PARENT_ID, DIS_ORDER, STATUS, CREATE_DATE, RESOURCE_FROM, RESOURCE_TYPE_UUID, ISDELETEABLE)values (200023, '添加按钮', 'workround_add_btn', 15, 'workround_add_btn', '添加按钮', 200001, null, 0, now(), 0, 'Dictionary-7c396583-7f52-4ef0-9973-2cbf3e9e573e', 0);
insert into T_RESOURCE (RESOURCE_ID, RESOURCE_NAME, CODE, RESOURCE_TYPE, URLPATH, REMARKS, PARENT_ID, DIS_ORDER, STATUS, CREATE_DATE, RESOURCE_FROM, RESOURCE_TYPE_UUID, ISDELETEABLE)values (200024, '修改按钮', 'workround_update_btn', 15, 'workround_update_btn', '修改按钮', 200001, null, 0, now(), 0, 'Dictionary-7c396583-7f52-4ef0-9973-2cbf3e9e573e', 0);
insert into T_RESOURCE (RESOURCE_ID, RESOURCE_NAME, CODE, RESOURCE_TYPE, URLPATH, REMARKS, PARENT_ID, DIS_ORDER, STATUS, CREATE_DATE, RESOURCE_FROM, RESOURCE_TYPE_UUID, ISDELETEABLE)values (200025, '删除按钮', 'workround_delete_btn', 15, 'workround_delete_btn', '删除按钮', 200001, null, 0, now(), 0, 'Dictionary-7c396583-7f52-4ef0-9973-2cbf3e9e573e', 0);
insert into T_RESOURCE (RESOURCE_ID, RESOURCE_NAME, CODE, RESOURCE_TYPE, URLPATH, REMARKS, PARENT_ID, DIS_ORDER, STATUS, CREATE_DATE, RESOURCE_FROM, RESOURCE_TYPE_UUID, ISDELETEABLE)values (200002, '倒班管理', 'DBGL', 14, 'workturnsrule/toWorkTurnsRuleManage.action', '倒班管理页面跳转', 35, '14', 0, now(), 0, 'Dictionary-c2065724-3d53-4bf7-b29a-8b57e61c0976', 0);
insert into T_RESOURCE (RESOURCE_ID, RESOURCE_NAME, CODE, RESOURCE_TYPE, URLPATH, REMARKS, PARENT_ID, DIS_ORDER, STATUS, CREATE_DATE, RESOURCE_FROM, RESOURCE_TYPE_UUID, ISDELETEABLE)values (200026, '添加按钮', 'turnsrule_add_btn', 15, 'turnsrule_add_btn', '添加按钮', 200002, null, 0, now(), 0, 'Dictionary-7c396583-7f52-4ef0-9973-2cbf3e9e573e', 0);
insert into T_RESOURCE (RESOURCE_ID, RESOURCE_NAME, CODE, RESOURCE_TYPE, URLPATH, REMARKS, PARENT_ID, DIS_ORDER, STATUS, CREATE_DATE, RESOURCE_FROM, RESOURCE_TYPE_UUID, ISDELETEABLE)values (200027, '修改按钮', 'turnsrule_update_btn', 15, 'turnsrule_update_btn', '修改按钮', 200002, null, 0, now(), 0, 'Dictionary-7c396583-7f52-4ef0-9973-2cbf3e9e573e', 0);
insert into T_RESOURCE (RESOURCE_ID, RESOURCE_NAME, CODE, RESOURCE_TYPE, URLPATH, REMARKS, PARENT_ID, DIS_ORDER, STATUS, CREATE_DATE, RESOURCE_FROM, RESOURCE_TYPE_UUID, ISDELETEABLE)values (200028, '删除按钮', 'turnsrule_delete_btn', 15, 'turnsrule_delete_btn', '删除按钮', 200002, null, 0, now(), 0, 'Dictionary-7c396583-7f52-4ef0-9973-2cbf3e9e573e', 0);
insert into T_RESOURCE (RESOURCE_ID, RESOURCE_NAME, CODE, RESOURCE_TYPE, URLPATH, REMARKS, PARENT_ID, DIS_ORDER, STATUS, CREATE_DATE, RESOURCE_FROM, RESOURCE_TYPE_UUID, ISDELETEABLE)values (200040, '群组管理', 'QZGL', 14, 'group/toGroupManagementIndex.action', '群组管理', 35, '6', 0, now(), 0, 'Dictionary-7b90b11c-54de-4901-9f5b-3dd8f66fa0b1', 0);
insert into T_RESOURCE (RESOURCE_ID, RESOURCE_NAME, CODE, RESOURCE_TYPE, URLPATH, REMARKS, PARENT_ID, DIS_ORDER, STATUS, CREATE_DATE, RESOURCE_FROM, RESOURCE_TYPE_UUID, ISDELETEABLE)values (200041, '添加按钮', 'group_add_btn', 15, 'group_add_btn', '群组_添加', 200040, null, 0, now(), 0, 'Dictionary-d9e3b576-6880-4d15-aff8-97fba5daf111', 0);
insert into T_RESOURCE (RESOURCE_ID, RESOURCE_NAME, CODE, RESOURCE_TYPE, URLPATH, REMARKS, PARENT_ID, DIS_ORDER, STATUS, CREATE_DATE, RESOURCE_FROM, RESOURCE_TYPE_UUID, ISDELETEABLE)values (200042, '删除按钮', 'group_delete_btn', 15, 'group_delete_btn', '群组_删除', 200040, null, 0, now(), 0, 'Dictionary-d9e3b576-6880-4d15-aff8-97fba5daf111', 0);
insert into T_RESOURCE (RESOURCE_ID, RESOURCE_NAME, CODE, RESOURCE_TYPE, URLPATH, REMARKS, PARENT_ID, DIS_ORDER, STATUS, CREATE_DATE, RESOURCE_FROM, RESOURCE_TYPE_UUID, ISDELETEABLE)values (200043, '修改按钮', 'group_update_btn', 15, 'group_update_btn', '群组_修改', 200040, null, 0, now(), 0, 'Dictionary-d9e3b576-6880-4d15-aff8-97fba5daf111', 0);
insert into T_RESOURCE (RESOURCE_ID, RESOURCE_NAME, CODE, RESOURCE_TYPE, URLPATH, REMARKS, PARENT_ID, DIS_ORDER, STATUS, CREATE_DATE, RESOURCE_FROM, RESOURCE_TYPE_UUID, ISDELETEABLE)values (200044, '成员添加按钮', 'group_member_add_btn', 15, 'group_member_add_btn', '成员添加按钮', 200040, null, 0, now(), 0, 'Dictionary-d9e3b576-6880-4d15-aff8-97fba5daf111', 0);
insert into T_RESOURCE (RESOURCE_ID, RESOURCE_NAME, CODE, RESOURCE_TYPE, URLPATH, REMARKS, PARENT_ID, DIS_ORDER, STATUS, CREATE_DATE, RESOURCE_FROM, RESOURCE_TYPE_UUID, ISDELETEABLE)values (200045, '成员删除按钮', 'group_member_delete_btn', 15, 'group_member_delete_btn', '成员删除按钮', 200040, null, 0, now(), 0, 'Dictionary-d9e3b576-6880-4d15-aff8-97fba5daf111', 0);
insert into T_RESOURCE (RESOURCE_ID, RESOURCE_NAME, CODE, RESOURCE_TYPE, URLPATH, REMARKS, PARENT_ID, DIS_ORDER, STATUS, CREATE_DATE, RESOURCE_FROM, RESOURCE_TYPE_UUID, ISDELETEABLE)values (200060, '角色成员管理', 'QXGL', 14, 'role/toRoleMember.action', '角色成员页面跳转', 35, '9', 0, now(), 0, 'Dictionary-7b90b11c-54de-4901-9f5b-3dd8f66fa0b1', 0);
insert into T_RESOURCE (RESOURCE_ID, RESOURCE_NAME, CODE, RESOURCE_TYPE, URLPATH, REMARKS, PARENT_ID, DIS_ORDER, STATUS, CREATE_DATE, RESOURCE_FROM, RESOURCE_TYPE_UUID, ISDELETEABLE)values (200061, '添加_用户', 'add_role_user_btn', 15, 'add_role_user_btn', '添加_用户', 200060, null, 0, now(), 0, 'Dictionary-d9e3b576-6880-4d15-aff8-97fba5daf111', 0);
insert into T_RESOURCE (RESOURCE_ID, RESOURCE_NAME, CODE, RESOURCE_TYPE, URLPATH, REMARKS, PARENT_ID, DIS_ORDER, STATUS, CREATE_DATE, RESOURCE_FROM, RESOURCE_TYPE_UUID, ISDELETEABLE)values (200062, '删除_用户', 'delete_role_user_btn', 15, 'delete_role_user_btn', '删除_用户', 200060, null, 0, now(), 0, 'Dictionary-d9e3b576-6880-4d15-aff8-97fba5daf111', 0);
insert into T_RESOURCE (RESOURCE_ID, RESOURCE_NAME, CODE, RESOURCE_TYPE, URLPATH, REMARKS, PARENT_ID, DIS_ORDER, STATUS, CREATE_DATE, RESOURCE_FROM, RESOURCE_TYPE_UUID, ISDELETEABLE)values (200063, '添加_群组', 'add_role_group_btn', 15, 'add_role_group_btn', '添加_群组', 200060, null, 0, now(), 0, 'Dictionary-d9e3b576-6880-4d15-aff8-97fba5daf111', 0);
insert into T_RESOURCE (RESOURCE_ID, RESOURCE_NAME, CODE, RESOURCE_TYPE, URLPATH, REMARKS, PARENT_ID, DIS_ORDER, STATUS, CREATE_DATE, RESOURCE_FROM, RESOURCE_TYPE_UUID, ISDELETEABLE)values (200064, '删除_群组', 'delete_role_group_btn', 15, 'delete_role_group_btn', '删除_群组', 200060, null, 0, now(), 0, 'Dictionary-d9e3b576-6880-4d15-aff8-97fba5daf111', 0);
insert into T_RESOURCE (RESOURCE_ID, RESOURCE_NAME, CODE, RESOURCE_TYPE, URLPATH, REMARKS, PARENT_ID, DIS_ORDER, STATUS, CREATE_DATE, RESOURCE_FROM, RESOURCE_TYPE_UUID, ISDELETEABLE)values (36, '首页', 'XTJG-SY', 14, 'toFrameIndex.action', '首页', 1, '1', 0, now(), 0, 'Dictionary-c2065724-3d53-4bf7-b29a-8b57e61c0976', 1);
-- 初始化用户数据
insert into T_USER (USER_ID, USERNAME, ERP_ID, PASSWORD, MOBILE_PHONE1, ELECTRONIC_SIGNATURE, PERSONAL_IMAGE, REALNAME, GENDER, STATUS,DIS_ORDER, ISENABLE, FK_TYPE, USER_ONLINE, FK_TEAM, SHORT_NO1, PHONE_NO, BIRTH_PLACE, EMAIL, CARD_CODE, ID_CARD, FK_POSTTITLE, FK_POST, FK_JOB1, FK_JOBLEVEL, BIRTHDAY, ISDELETABLE, MOBILE_PHONE2, SHORT_NO2, FK_JOB2, FK_USERTYPE_UUID, FK_TEAM_UUID, FK_POSTTITLE_UUID, FK_POST_UUID, FK_JOB1_UUID, FK_JOB2_UUID, FK_JOBLEVEL_UUID)values (1, 'jg_admin', '111111', 'e10adc3949ba59abbe56e057f20f883e', '12345678911', null, null, '管理员', '男', 0, null, 0, 12, 0, null, null, null, null, null, null, null, null, null, null, null, null, 0, null, null, null, 'Dictionary-d9e3b576-6880-4d15-aff8-97fba5daf111', null, null, null, null, null, null);
-- 初始化用户组织关系
insert into T_ORG_USER (PK_ORG_USER_ID, FK_ORG_ID, FK_USER_ID, ISDELETE)values (1, 1, 1, 0);
-- 初始化角色数据
insert into T_ROLE (ROLE_ID, ROLE_NAME, ROLE_CODE, DESCRIPTION, ISDELETE, FK_ROLE_TYPE, FK_ROLE_TYPE_UUID, ISDELETEABLE)values (1, '管理员', 'admin', 'administrator', 0, 61, 'Dictionary-7b90b11c-54de-4901-9f5b-3dd8f66fa0b1', 0);
-- 初始化角色资源关系数据
insert into T_ROLE_RESOURCE (ROLE_RESOURCE_ID, RESOURCE_ID, ROLE_ID)values (200327, 200060, 1);
insert into T_ROLE_RESOURCE (ROLE_RESOURCE_ID, RESOURCE_ID, ROLE_ID)values (200325, 35, 1);
insert into T_ROLE_RESOURCE (ROLE_RESOURCE_ID, RESOURCE_ID, ROLE_ID)values (200326, 1, 1);
insert into T_ROLE_RESOURCE (ROLE_RESOURCE_ID, RESOURCE_ID, ROLE_ID)values (200330, 200062, 1);
insert into T_ROLE_RESOURCE (ROLE_RESOURCE_ID, RESOURCE_ID, ROLE_ID)values (200331, 200061, 1);
insert into T_ROLE_RESOURCE (ROLE_RESOURCE_ID, RESOURCE_ID, ROLE_ID)values (200332, 200064, 1);
insert into T_ROLE_RESOURCE (ROLE_RESOURCE_ID, RESOURCE_ID, ROLE_ID)values (200333, 200063, 1);
insert into T_ROLE_RESOURCE (ROLE_RESOURCE_ID, RESOURCE_ID, ROLE_ID)values (200100, 200001, 1);
insert into T_ROLE_RESOURCE (ROLE_RESOURCE_ID, RESOURCE_ID, ROLE_ID)values (200103, 200023, 1);
insert into T_ROLE_RESOURCE (ROLE_RESOURCE_ID, RESOURCE_ID, ROLE_ID)values (200104, 200024, 1);
insert into T_ROLE_RESOURCE (ROLE_RESOURCE_ID, RESOURCE_ID, ROLE_ID)values (200105, 200025, 1);
insert into T_ROLE_RESOURCE (ROLE_RESOURCE_ID, RESOURCE_ID, ROLE_ID)values (200120, 200002, 1);
insert into T_ROLE_RESOURCE (ROLE_RESOURCE_ID, RESOURCE_ID, ROLE_ID)values (200123, 200026, 1);
insert into T_ROLE_RESOURCE (ROLE_RESOURCE_ID, RESOURCE_ID, ROLE_ID)values (200124, 200028, 1);
insert into T_ROLE_RESOURCE (ROLE_RESOURCE_ID, RESOURCE_ID, ROLE_ID)values (200125, 200027, 1);
insert into T_ROLE_RESOURCE (ROLE_RESOURCE_ID, RESOURCE_ID, ROLE_ID)values (200160, 36, 1);
insert into T_ROLE_RESOURCE (ROLE_RESOURCE_ID, RESOURCE_ID, ROLE_ID)values (200162, 9, 1);
insert into T_ROLE_RESOURCE (ROLE_RESOURCE_ID, RESOURCE_ID, ROLE_ID)values (200164, 4, 1);
insert into T_ROLE_RESOURCE (ROLE_RESOURCE_ID, RESOURCE_ID, ROLE_ID)values (200167, 21, 1);
insert into T_ROLE_RESOURCE (ROLE_RESOURCE_ID, RESOURCE_ID, ROLE_ID)values (200168, 29, 1);
insert into T_ROLE_RESOURCE (ROLE_RESOURCE_ID, RESOURCE_ID, ROLE_ID)values (200169, 19, 1);
insert into T_ROLE_RESOURCE (ROLE_RESOURCE_ID, RESOURCE_ID, ROLE_ID)values (200170, 20, 1);
insert into T_ROLE_RESOURCE (ROLE_RESOURCE_ID, RESOURCE_ID, ROLE_ID)values (200171, 200000, 1);
insert into T_ROLE_RESOURCE (ROLE_RESOURCE_ID, RESOURCE_ID, ROLE_ID)values (200174, 200020, 1);
insert into T_ROLE_RESOURCE (ROLE_RESOURCE_ID, RESOURCE_ID, ROLE_ID)values (200175, 200022, 1);
insert into T_ROLE_RESOURCE (ROLE_RESOURCE_ID, RESOURCE_ID, ROLE_ID)values (200176, 200021, 1);
insert into T_ROLE_RESOURCE (ROLE_RESOURCE_ID, RESOURCE_ID, ROLE_ID)values (200177, 6, 1);
insert into T_ROLE_RESOURCE (ROLE_RESOURCE_ID, RESOURCE_ID, ROLE_ID)values (200180, 39, 1);
insert into T_ROLE_RESOURCE (ROLE_RESOURCE_ID, RESOURCE_ID, ROLE_ID)values (200181, 37, 1);
insert into T_ROLE_RESOURCE (ROLE_RESOURCE_ID, RESOURCE_ID, ROLE_ID)values (200182, 38, 1);
insert into T_ROLE_RESOURCE (ROLE_RESOURCE_ID, RESOURCE_ID, ROLE_ID)values (200183, 200040, 1);
insert into T_ROLE_RESOURCE (ROLE_RESOURCE_ID, RESOURCE_ID, ROLE_ID)values (200186, 200043, 1);
insert into T_ROLE_RESOURCE (ROLE_RESOURCE_ID, RESOURCE_ID, ROLE_ID)values (200187, 200042, 1);
insert into T_ROLE_RESOURCE (ROLE_RESOURCE_ID, RESOURCE_ID, ROLE_ID)values (200188, 200045, 1);
insert into T_ROLE_RESOURCE (ROLE_RESOURCE_ID, RESOURCE_ID, ROLE_ID)values (200189, 200044, 1);
insert into T_ROLE_RESOURCE (ROLE_RESOURCE_ID, RESOURCE_ID, ROLE_ID)values (200190, 200041, 1);
insert into T_ROLE_RESOURCE (ROLE_RESOURCE_ID, RESOURCE_ID, ROLE_ID)values (200191, 8, 1);
insert into T_ROLE_RESOURCE (ROLE_RESOURCE_ID, RESOURCE_ID, ROLE_ID)values (200194, 7, 1);
insert into T_ROLE_RESOURCE (ROLE_RESOURCE_ID, RESOURCE_ID, ROLE_ID)values (200197, 2, 1);
insert into T_ROLE_RESOURCE (ROLE_RESOURCE_ID, RESOURCE_ID, ROLE_ID)values (200200, 10, 1);
insert into T_ROLE_RESOURCE (ROLE_RESOURCE_ID, RESOURCE_ID, ROLE_ID)values (200201, 11, 1);
insert into T_ROLE_RESOURCE (ROLE_RESOURCE_ID, RESOURCE_ID, ROLE_ID)values (200202, 13, 1);
insert into T_ROLE_RESOURCE (ROLE_RESOURCE_ID, RESOURCE_ID, ROLE_ID)values (200203, 14, 1);
insert into T_ROLE_RESOURCE (ROLE_RESOURCE_ID, RESOURCE_ID, ROLE_ID)values (200204, 15, 1);
insert into T_ROLE_RESOURCE (ROLE_RESOURCE_ID, RESOURCE_ID, ROLE_ID)values (200206, 17, 1);
insert into T_ROLE_RESOURCE (ROLE_RESOURCE_ID, RESOURCE_ID, ROLE_ID)values (200208, 28, 1);
insert into T_ROLE_RESOURCE (ROLE_RESOURCE_ID, RESOURCE_ID, ROLE_ID)values (200209, 12, 1);
insert into T_ROLE_RESOURCE (ROLE_RESOURCE_ID, RESOURCE_ID, ROLE_ID)values (200210, 3, 1);
insert into T_ROLE_RESOURCE (ROLE_RESOURCE_ID, RESOURCE_ID, ROLE_ID)values (200213, 22, 1);
insert into T_ROLE_RESOURCE (ROLE_RESOURCE_ID, RESOURCE_ID, ROLE_ID)values (200214, 23, 1);
insert into T_ROLE_RESOURCE (ROLE_RESOURCE_ID, RESOURCE_ID, ROLE_ID)values (200215, 24, 1);
insert into T_ROLE_RESOURCE (ROLE_RESOURCE_ID, RESOURCE_ID, ROLE_ID)values (200216, 25, 1);
insert into T_ROLE_RESOURCE (ROLE_RESOURCE_ID, RESOURCE_ID, ROLE_ID)values (200217, 30, 1);
insert into T_ROLE_RESOURCE (ROLE_RESOURCE_ID, RESOURCE_ID, ROLE_ID)values (200218, 5, 1);
insert into T_ROLE_RESOURCE (ROLE_RESOURCE_ID, RESOURCE_ID, ROLE_ID)values (200221, 27, 1);
insert into T_ROLE_RESOURCE (ROLE_RESOURCE_ID, RESOURCE_ID, ROLE_ID)values (200222, 34, 1);
insert into T_ROLE_RESOURCE (ROLE_RESOURCE_ID, RESOURCE_ID, ROLE_ID)values (200224, 26, 1);
insert into T_ROLE_RESOURCE (ROLE_RESOURCE_ID, RESOURCE_ID, ROLE_ID)values (200225, 31, 1);
-- 初始化用户角色权限范围关系
insert into T_ROLE_MEMBER_SCOPE (ID, ROLE_ID, USER_ID, GROUP_ID)values (2754, 1, 1, null);
-- 权限范围
insert into T_SCOPE_MEMBER (ID, ROLE_MEMBER_ID, ORG_ID)values (2890, 2754, 3);
insert into T_SCOPE_MEMBER (ID, ROLE_MEMBER_ID, ORG_ID)values (2888, 2754, 1);
insert into T_SCOPE_MEMBER (ID, ROLE_MEMBER_ID, ORG_ID)values (2889, 2754, 2);